<?xml version="1.0" encoding="UTF-8"?>
<!DOCTYPE fontscolors PUBLIC "-//NetBeans//DTD Editor Fonts and Colors settings 1.1//EN" "http://www.netbeans.org/dtds/EditorFontsColors-1_1.dtd">
<fontscolors>
    <fontcolor bgColor="ff38566f" name="mark-occurrences"/>
    <fontcolor foreColor="white" name="identifier"/>
    <fontcolor default="field" foreColor="ff4bc7ef" name="markup-attribute"/>
    <fontcolor foreColor="ffe2ce00" name="string"/>
    <fontcolor default="identifier" foreColor="white" name="method"/>
    <fontcolor default="keyword" name="markup-element"/>
    <fontcolor default="string" foreColor="ffc10087" name="markup-attribute-value"/>
    <fontcolor bgColor="red" foreColor="white" name="error"/>
    <fontcolor default="default" name="entity-reference"/>
    <fontcolor name="separator"/>
    <fontcolor name="url" underline="blue"/>
    <fontcolor foreColor="ffd72967" name="operator"/>
    <fontcolor foreColor="ffeddd3d" name="number"/>
    <fontcolor bgColor="ff121e31" foreColor="white" name="default">
        <font name="Consolas" size="17" style="plain"/>
    </fontcolor>
    <fontcolor default="identifier" foreColor="lightGray" name="field"/>
    <fontcolor foreColor="ffe6db74" name="char"/>
    <fontcolor name="warning" waveUnderlined="yellow"/>
    <fontcolor foreColor="ff75715e" name="comment">
        <font style="italic"/>
    </fontcolor>
    <fontcolor name="whitespace"/>
    <fontcolor foreColor="ffd72967" name="keyword"/>
</fontscolors>
