<?xml version="1.0" encoding="UTF-8"?>
<!DOCTYPE fontscolors PUBLIC "-//NetBeans//DTD Editor Fonts and Colors settings 1.1//EN" "http://www.netbeans.org/dtds/EditorFontsColors-1_1.dtd">
<fontscolors>
    <fontcolor bgColor="ff38566f" name="mark-occurrences"/>
    <fontcolor bgColor="ff121e31" foreColor="white" name="default">
        <font name="Consolas" size="17"/>
    </fontcolor>
    <fontcolor name="method"/>
    <fontcolor name="warning" waveUnderlined="yellow"/>
    <fontcolor foreColor="ffd72967" name="keyword">
        <font style="bold"/>
    </fontcolor>
    <fontcolor name="error" waveUnderlined="red"/>
    <fontcolor name="separator"/>
    <fontcolor name="url" underline="blue"/>
</fontscolors>
