<?xml version="1.0" encoding="UTF-8"?>
<library xmlns="http://www.netbeans.org/ns/library-declaration/3" version="3.0">
    <name>javac-api</name>
    <type>j2se</type>
    <localizing-bundle>org/netbeans/libs/javacapi/Bundle</localizing-bundle>
    <volume>
        <type>classpath</type>
        <resource>jar:nbinst://org.netbeans.libs.javacapi/modules/ext/nb-javac-api.jar!/</resource>
        <resource>jar:file:/C:/Users/Jeis/Downloads/Librerias%20LookAndFeel/archJava/synthetica_2.20.2_eval/synthetica.jar!/</resource>
    </volume>
    <volume>
        <type>src</type>
    </volume>
    <volume>
        <type>javadoc</type>
    </volume>
    <volume>
        <type>maven-pom</type>
    </volume>
    <properties/>
</library>
