<?xml version="1.0" encoding="UTF-8"?>
<!DOCTYPE fontscolors PUBLIC "-//NetBeans//DTD Editor Fonts and Colors settings 1.1//EN" "http://www.netbeans.org/dtds/EditorFontsColors-1_1.dtd">
<fontscolors>
    <fontcolor bgColor="ff233d66" name="mark-occurrences"/>
    <fontcolor default="default" foreColor="ff75b5aa" name="identifier"/>
    <fontcolor default="field" name="markup-attribute"/>
    <fontcolor default="identifier" foreColor="ff6a9fb5" name="method"/>
    <fontcolor default="default" foreColor="ffa5bc73" name="string"/>
    <fontcolor default="keyword" name="markup-element"/>
    <fontcolor default="string" name="markup-attribute-value"/>
    <fontcolor default="default" name="error"/>
    <fontcolor default="default" name="entity-reference"/>
    <fontcolor default="default" name="separator"/>
    <fontcolor default="default" name="operator"/>
    <fontcolor default="default" name="url"/>
    <fontcolor default="default" foreColor="ffff8e8e" name="number"/>
    <fontcolor bgColor="ff121e31" default="default" foreColor="ffe0e0e0" name="default">
        <font name="Monospaced" size="16"/>
    </fontcolor>
    <fontcolor default="default" foreColor="fffcd6a4" name="field"/>
    <fontcolor default="default" foreColor="ffa5bc73" name="char"/>
    <fontcolor default="default" name="warning"/>
    <fontcolor default="default" foreColor="ffb0b0b0" name="comment"/>
    <fontcolor default="default" foreColor="ffaa73b3" name="keyword"/>
    <fontcolor name="whitespace"/>
</fontscolors>
