<?xml version="1.0" encoding="UTF-8"?>
<!DOCTYPE fontscolors
PUBLIC "-//NetBeans//DTD Editor Fonts and Colors settings 1.1//EN"
       "http://www.netbeans.org/dtds/EditorFontsColors-1_1.dtd">
<fontscolors>
 <fontcolor name="comment" default="comment"/>
 <fontcolor name="phpdockeyword" default="comment"/>
 <fontcolor name="mod-field" default="field"/>
 <fontcolor name="htmltag" default="comment"/>
 <fontcolor name="identifier" default="identifier"/>
 <fontcolor name="keyword" default="keyword"/>
 <fontcolor name="number" default="number"/>
 <fontcolor name="operator" default="operator"/>
 <fontcolor name="PHP_STRING" default="identifier"/>
 <fontcolor name="separator" default="separator"/>
 <fontcolor name="string" default="string"/>
</fontscolors>
