<?xml version="1.0" encoding="UTF-8"?>
<!DOCTYPE fontscolors PUBLIC "-//NetBeans//DTD Editor Fonts and Colors settings 1.1//EN" "http://www.netbeans.org/dtds/EditorFontsColors-1_1.dtd">
<fontscolors>
    <fontcolor name="org-netbeans-modules-web-core-syntax-JspParserErrorAnnotation" waveUnderlined="red"/>
    <fontcolor bgColor="ff372b2b" name="Dbx_Bpt_cmpx_dis"/>
    <fontcolor bgColor="ff372b2b" name="Dbx_Bpt_cmpx_hit_dis"/>
    <fontcolor name="PHPNotice" waveUnderlined="ffc0c000"/>
    <fontcolor bgColor="ff3a2323" name="Dbx_Bpt"/>
    <fontcolor name="org-netbeans-modules-cnd-cpp-parser_annotation_err" waveUnderlined="red"/>
    <fontcolor foreColor="pink" name="FieldBreakpoint"/>
    <fontcolor bgColor="ff2e3e19" name="editor-bookmark"/>
    <fontcolor foreColor="ffa8c023" name="org-netbeans-spi-editor-hints-parser_annotation_todo_fixable"/>
    <fontcolor foreColor="pink" name="OtherThread"/>
    <fontcolor foreColor="ffa8c023" name="org-netbeans-spi-editor-hints-parser_annotation_todo"/>
    <fontcolor foreColor="pink" name="OtherThreads"/>
    <fontcolor bgColor="darkGray" foreColor="pink" name="org-netbeans-spi-editor-hints-parser_annotation_err_fixable"/>
    <fontcolor bgColor="darkGray" name="org-netbeans-spi-editor-hints-parser_annotation_err"/>
    <fontcolor bgColor="ff283c26" name="Dbx_Bpt_hit_broken"/>
    <fontcolor bgColor="ff2a2815" name="org-netbeans-spi-editor-hints-parser_annotation_hint"/>
    <fontcolor bgColor="ff283c26" name="Dbx_PC"/>
    <fontcolor bgColor="ff283c26" name="Dbx_Bpt_cmpx_hit_broken"/>
    <fontcolor bgColor="ff4b1919" name="Dbx_Bpt_cmpx"/>
    <fontcolor bgColor="ffff8080" name="org-netbeans-modules-tomcat5-error"/>
    <fontcolor foreColor="pink" name="MethodBreakpoint"/>
    <fontcolor bgColor="ff372b2b" name="Dbx_Bpt_cmpx_hit_broken_dis"/>
    <fontcolor bgColor="ff4b1919" name="Dbx_Bpt_compound"/>
    <fontcolor name="PHPWarning" waveUnderlined="ffc0c000"/>
    <fontcolor bgColor="ff372b2b" name="Dbx_Bpt_hit_dis"/>
    <fontcolor bgColor="ff4b1919" name="Dbx_Bpt_broken"/>
    <fontcolor bgColor="ff372b2b" name="Dbx_Bpt_cmpx_broken_dis"/>
    <fontcolor bgColor="darkGray" name="ClassBreakpoint"/>
    <fontcolor name="PHPError" waveUnderlined="red"/>
    <fontcolor bgColor="ff283c26" name="Dbx_Bpt_compound_hit"/>
    <fontcolor bgColor="ff372b2b" name="Dbx_Bpt_hit_broken_dis"/>
    <fontcolor bgColor="ff283c26" name="Dbx_Bpt_cmpx_hit"/>
    <fontcolor bgColor="ff372b2b" name="Dbx_Bpt_dis"/>
    <fontcolor bgColor="ff372b2b" name="Dbx_Bpt_broken_dis"/>
    <fontcolor bgColor="ff283c26" name="Dbx_Bpt_hit"/>
    <fontcolor bgColor="ff4b1919" name="Dbx_Bpt_cmpx_broken"/>
</fontscolors>
