<?xml version="1.0" encoding="UTF-8"?>
<!DOCTYPE fontscolors PUBLIC "-//NetBeans//DTD Editor Fonts and Colors settings 1.1//EN" "http://www.netbeans.org/dtds/EditorFontsColors-1_1.dtd">
<fontscolors>
    <fontcolor foreColor="darkGray" name="mod-abstract"/>
    <fontcolor default="string" foreColor="ffddd470" name="string"/>
    <fontcolor default="comment" foreColor="ff8a653b" name="javadoc-identifier"/>
    <fontcolor name="mod-public"/>
    <fontcolor default="identifier" name="mod-class"/>
    <fontcolor foreColor="gray" name="mod-unused" waveUnderlined="gray"/>
    <fontcolor default="identifier" name="mod-interface-declaration">
        <font style="bold"/>
    </fontcolor>
    <fontcolor default="method" foreColor="ff9cc325" name="mod-method-declaration"/>
    <fontcolor default="operator" foreColor="ffd72633" name="operator"/>
    <fontcolor default="keyword" name="keyword-directive"/>
    <fontcolor default="keyword" name="literal"/>
    <fontcolor default="number" foreColor="ff0071ad" name="number"/>
    <fontcolor default="char" name="character"/>
    <fontcolor default="identifier" name="mod-parameter"/>
    <fontcolor name="mod-deprecated" strikeThrough="ffc3c3c3"/>
    <fontcolor default="identifier" name="mod-annotation-type"/>
    <fontcolor default="comment" name="javadoc-first-sentence"/>
    <fontcolor default="string" foreColor="ffcc7832" name="string-escape"/>
    <fontcolor default="string" name="string-escape-invalid" waveUnderlined="red"/>
    <fontcolor default="keyword" foreColor="ffd82665" name="keyword"/>
    <fontcolor default="identifier" name="mod-local-variable"/>
    <fontcolor default="identifier" foreColor="ff9cc325" name="identifier"/>
    <fontcolor default="field" foreColor="ffae81ff" name="mod-field"/>
    <fontcolor default="comment" name="javadoc-tag">
        <font style="bold"/>
    </fontcolor>
    <fontcolor default="method" foreColor="ff51aada" name="mod-method"/>
    <fontcolor default="identifier" name="mod-annotation-type-declaration">
        <font style="bold"/>
    </fontcolor>
    <fontcolor default="identifier" name="mod-interface"/>
    <fontcolor name="mod-protected"/>
    <fontcolor default="character" name="character-escape-invalid">
        <font style="italic"/>
    </fontcolor>
    <fontcolor default="identifier" name="mod-constructor-declaration"/>
    <fontcolor default="comment" foreColor="ff9999ff" name="html-tag">
        <font style="italic"/>
    </fontcolor>
    <fontcolor default="separator" foreColor="fff8f8f2" name="separator"/>
    <fontcolor default="identifier" name="mod-enum"/>
    <fontcolor default="identifier" name="mod-local-variable-declaration"/>
    <fontcolor default="identifier" name="mod-parameter-declaration"/>
    <fontcolor name="mod-private"/>
    <fontcolor default="identifier" name="mod-enum-declaration"/>
    <fontcolor name="mod-static">
        <font style="italic"/>
    </fontcolor>
    <fontcolor default="character" name="character-escape">
        <font style="bold"/>
    </fontcolor>
    <fontcolor default="identifier" name="mod-class-declaration"/>
    <fontcolor name="mod-package-private"/>
    <fontcolor default="comment" name="comment">
        <font style="bold"/>
    </fontcolor>
    <fontcolor default="whitespace" name="whitespace"/>
    <fontcolor default="identifier" name="mod-constructor"/>
    <fontcolor default="field" name="mod-field-declaration"/>
</fontscolors>
