<?xml version="1.0" encoding="UTF-8"?>
<!DOCTYPE fontscolors PUBLIC "-//NetBeans//DTD Editor Fonts and Colors settings 1.1//EN" "http://www.netbeans.org/dtds/EditorFontsColors-1_1.dtd">
<fontscolors>
    <fontcolor foreColor="pink" name="OtherThread"/>
    <fontcolor foreColor="pink" name="OtherThreads"/>
    <fontcolor bgColor="darkGray" foreColor="pink" name="org-netbeans-spi-editor-hints-parser_annotation_err_fixable"/>
    <fontcolor bgColor="darkGray" name="ClassBreakpoint"/>
    <fontcolor foreColor="pink" name="MethodBreakpoint"/>
    <fontcolor bgColor="darkGray" name="org-netbeans-spi-editor-hints-parser_annotation_err"/>
    <fontcolor foreColor="pink" name="FieldBreakpoint"/>
    <fontcolor bgColor="ff2a2815" name="org-netbeans-spi-editor-hints-parser_annotation_hint"/>
    <fontcolor bgColor="ff2e3e19" name="editor-bookmark"/>
</fontscolors>
