<?xml version="1.0" encoding="UTF-8"?>
<!DOCTYPE fontscolors PUBLIC "-//NetBeans//DTD Editor Fonts and Colors settings 1.1//EN" "http://www.netbeans.org/dtds/EditorFontsColors-1_1.dtd">
<fontscolors>
    <fontcolor bgColor="gray" name="nbeditor-bracesMatching-match"/>
    <fontcolor foreColor="ffffa8a8" name="text-limit-line-color"/>
    <fontcolor foreColor="ff666666" name="code-folding"/>
    <fontcolor foreColor="ffcc0099" name="synchronized-text-blocks-ext"/>
    <fontcolor bgColor="ffd83636" name="nbeditor-bracesMatching-mismatch"/>
    <fontcolor bgColor="darkGray" name="highlight-caret-row"/>
    <fontcolor foreColor="black" name="caret-color-overwrite-mode"/>
    <fontcolor name="status-bar"/>
    <fontcolor name="guarded"/>
    <fontcolor name="trailing-whitespace"/>
    <fontcolor bgColor="ffd83636" name="nbeditor-bracesMatching-mismatch-multichar"/>
    <fontcolor foreColor="ffcccccc" name="code-folding-border"/>
    <fontcolor name="west-sidebars-color"/>
    <fontcolor bgColor="red" foreColor="white" name="status-bar-bold"/>
    <fontcolor name="nbeditor-bracesMatching-sidebar"/>
    <fontcolor bgColor="ffe9e8e2" foreColor="black" name="line-number"/>
    <fontcolor bgColor="ffe1ecf7" foreColor="black" name="readonly-files"/>
    <fontcolor bgColor="darkGray" name="highlight-search"/>
    <fontcolor foreColor="ff666666" name="code-folding-bar"/>
    <fontcolor foreColor="ff996600" name="synchronized-text-blocks-ext-slave"/>
    <fontcolor foreColor="ffd3d3d3" name="indent-guide-lines"/>
    <fontcolor name="indent-whitespace"/>
    <fontcolor bgColor="ffe0e8f1" foreColor="black" name="block-search"/>
    <fontcolor bgColor="ffb4b4b4" foreColor="white" name="selection"/>
    <fontcolor name="inc-search"/>
    <fontcolor bgColor="gray" name="nbeditor-bracesMatching-match-multichar"/>
    <fontcolor foreColor="black" name="caret-color-insert-mode"/>
    <fontcolor foreColor="blue" name="hyperlinks" underline="blue"/>
</fontscolors>
